Workbook

Sheet Summary
A1: QC Summary – Data Annotation (CVAT)
A2: All figures are formulas driven by the Image QC and Error Log sheets.
A3: Metric | B3: Value
A4: Images in scope | B4: =COUNTA('Image QC'!B5:B11) -> 7
A5: Passed | B5: =COUNTIF('Image QC'!M5:M11,"Pass") -> 0
A6: Failed | B6: =COUNTIF('Image QC'!M5:M11,"Fail") -> 0
A7: Pending review | B7: =COUNTIF('Image QC'!M5:M11,"Pending") -> 7
A8: Reviewed (pass + fail) | B8: =B5+B6 -> 0
A9: Review progress | B9: =IF(B4=0,"n/a",B8/B4) -> 0
A10: Pass rate (of reviewed) | B10: =IF(B8=0,"n/a",B5/B8) -> n/a
A11: Expected objects (all images) | B11: =SUM('Image QC'!F5:F11) -> 14
A12: Objects recorded so far | B12: =SUM('Image QC'!G5:G11) -> 8
A14: Error Log status
A15: Severity | B15: Open | C15: Total logged
A16: Critical | B16: =COUNTIFS('Error Log'!$E$5:$E$64,A16,'Error Log'!$H$5:$H$64,"Open") -> 0 | C16: =COUNTIFS('Error Log'!$E$5:$E$64,A16) -> 0
A17: Major | B17: =COUNTIFS('Error Log'!$E$5:$E$64,A17,'Error Log'!$H$5:$H$64,"Open") -> 2 | C17: =COUNTIFS('Error Log'!$E$5:$E$64,A17) -> 2
A18: Minor | B18: =COUNTIFS('Error Log'!$E$5:$E$64,A18,'Error Log'!$H$5:$H$64,"Open") -> 0 | C18: =COUNTIFS('Error Log'!$E$5:$E$64,A18) -> 0
A19: Info | B19: =COUNTIFS('Error Log'!$E$5:$E$64,A19,'Error Log'!$H$5:$H$64,"Open") -> 3 | C19: =COUNTIFS('Error Log'!$E$5:$E$64,A19) -> 3
A20: Total | B20: =SUM(B16:B19) -> 5 | C20: =SUM(C16:C19) -> 5
A22: Images by in-scope label
A23: Label | B23: Images | C23: Expected objects
A24: building | B24: =COUNTIF('Image QC'!D5:D11,A24) -> 1 | C24: =SUMIF('Image QC'!D5:D11,A24,'Image QC'!F5:F11) -> 1
A25: person | B25: =COUNTIF('Image QC'!D5:D11,A25) -> 3 | C25: =SUMIF('Image QC'!D5:D11,A25,'Image QC'!F5:F11) -> 7
A26: sheep | B26: =COUNTIF('Image QC'!D5:D11,A26) -> 1 | C26: =SUMIF('Image QC'!D5:D11,A26,'Image QC'!F5:F11) -> 6
A27: No label (out of scope) | B27: =COUNTIF('Image QC'!D5:D11,"none*") -> 2 | C27: =SUMIF('Image QC'!D5:D11,"none*",'Image QC'!F5:F11) -> 0
A30: Notes
A31: Source: Files.zip (7 images, label.txt.txt, 3 CVAT screenshots). Labels: person, building, sheep.
A32: Expected object counts are the reviewer's reading of the images, not values from CVAT. Treat them as assumptions.
A33: Open questions are tracked in the Error Log (E-002, E-003).

Sheet Image QC
A1: Annotation Quality Check – Image Review
A2: Yellow cells = reviewer input. Grey cells = formulas (do not edit). Expected objects were counted by eye from the source images; adjust column F if the guideline decision changes.
A4: # | B4: File | C4: Resolution (px) | D4: In-scope label | E4: Expected shape | F4: Expected objects | G4: Annotated objects (CVAT) | H4: Count check | I4: Label correct? | J4: Shape type correct? | K4: Boundary / point quality OK? | L4: No extra or out-of-scope objects? | M4: QC result | N4: Evidence / notes
A5: 1 | B5: buiding.avif | C5: 600 x 750 | D5: building | E5: Polygon | F5: 1 | G5: 1 | H5: =IF(G5="","Pending",IF(G5=F5,"Match",IF(G5>F5,"Extra "&(G5-F5),"Missing "&(F5-G5)))) -> Match | I5: Yes | J5: Yes | L5: Yes | M5: =IF(OR(G5="",I5="",J5="",K5="",L5=""),"Pending",IF(AND(G5=F5,OR(I5="Yes",I5="N/A"),OR(J5="Yes",J5="N/A"),OR(K5="Yes",K5="N/A"),OR(L5="Yes",L5="N/A")),"Pass","Fail")) -> Pending | N5: Screenshot 081847: 1 polygon (ID 1, 'building'), stepped silhouette traced as a single object. Boundary tightness still needs reviewer check. Filename typo 'buiding' kept as-is to match CVAT task.
A6: 2 | B6: car.avif | C6: 764 x 955 | D6: none (car not in label set) | E6: None | F6: 0 | H6: =IF(G6="","Pending",IF(G6=F6,"Match",IF(G6>F6,"Extra "&(G6-F6),"Missing "&(F6-G6)))) -> Pending | M6: =IF(OR(G6="",I6="",J6="",K6="",L6=""),"Pending",IF(AND(G6=F6,OR(I6="Yes",I6="N/A"),OR(J6="Yes",J6="N/A"),OR(K6="Yes",K6="N/A"),OR(L6="Yes",L6="N/A")),"Pass","Fail")) -> Pending | N6: Car is not in label.txt. Expect zero annotations; enter 0 in column G after checking CVAT.
A7: 3 | B7: person.avif | C7: 600 x 900 | D7: person | E7: Points (5 face landmarks) | F7: 1 | G7: 1 | H7: =IF(G7="","Pending",IF(G7=F7,"Match",IF(G7>F7,"Extra "&(G7-F7),"Missing "&(F7-G7)))) -> Match | I7: Yes | J7: Yes | L7: Yes | M7: =IF(OR(G7="",I7="",J7="",K7="",L7=""),"Pending",IF(AND(G7=F7,OR(I7="Yes",I7="N/A"),OR(J7="Yes",J7="N/A"),OR(K7="Yes",K7="N/A"),OR(L7="Yes",L7="N/A")),"Pass","Fail")) -> Pending | N7: Screenshot 082959: 1 points object labelled 'person' with 5 points (eyes, nose, mouth corners). Object ID shows 2 but Items = 1 – see Error Log E-001. Check point placement.
A8: 4 | B8: person2.avif | C8: 600 x 755 | D8: person | E8: Points (5 face landmarks) | F8: 1 | H8: =IF(G8="","Pending",IF(G8=F8,"Match",IF(G8>F8,"Extra "&(G8-F8),"Missing "&(F8-G8)))) -> Pending | M8: =IF(OR(G8="",I8="",J8="",K8="",L8=""),"Pending",IF(AND(G8=F8,OR(I8="Yes",I8="N/A"),OR(J8="Yes",J8="N/A"),OR(K8="Yes",K8="N/A"),OR(L8="Yes",L8="N/A")),"Pass","Fail")) -> Pending | N8: No screenshot provided. Reviewer to open in CVAT.
A9: 5 | B9: sheeps.avif | C9: 600 x 900 | D9: sheep | E9: Rectangle | F9: 6 | G9: 6 | H9: =IF(G9="","Pending",IF(G9=F9,"Match",IF(G9>F9,"Extra "&(G9-F9),"Missing "&(F9-G9)))) -> Match | I9: Yes | J9: Yes | L9: Yes | M9: =IF(OR(G9="",I9="",J9="",K9="",L9=""),"Pending",IF(AND(G9=F9,OR(I9="Yes",I9="N/A"),OR(J9="Yes",J9="N/A"),OR(K9="Yes",K9="N/A"),OR(L9="Yes",L9="N/A")),"Pass","Fail")) -> Pending | N9: Screenshot 082610: Items = 6, all rectangles labelled 'sheep'; 6 sheep visible in image. Check box tightness, especially the two overlapping boxes.
A10: 6 | B10: walking.avif | C10: 600 x 337 | D10: person | E10: Points (5 face landmarks) – DECISION PENDING | F10: 5 | H10: =IF(G10="","Pending",IF(G10=F10,"Match",IF(G10>F10,"Extra "&(G10-F10),"Missing "&(F10-G10)))) -> Pending | M10: =IF(OR(G10="",I10="",J10="",K10="",L10=""),"Pending",IF(AND(G10=F10,OR(I10="Yes",I10="N/A"),OR(J10="Yes",J10="N/A"),OR(K10="Yes",K10="N/A"),OR(L10="Yes",L10="N/A")),"Pass","Fail")) -> Pending | N10: 5 people walking. Points vs rectangle for groups not yet decided – see Error Log E-002.
A11: 7 | B11: zebras.avif | C11: 600 x 342 | D11: none (zebra not in label set) | E11: None | F11: 0 | H11: =IF(G11="","Pending",IF(G11=F11,"Match",IF(G11>F11,"Extra "&(G11-F11),"Missing "&(F11-G11)))) -> Pending | M11: =IF(OR(G11="",I11="",J11="",K11="",L11=""),"Pending",IF(AND(G11=F11,OR(I11="Yes",I11="N/A"),OR(J11="Yes",J11="N/A"),OR(K11="Yes",K11="N/A"),OR(L11="Yes",L11="N/A")),"Pass","Fail")) -> Pending | N11: 4 zebras plus water reflections; none are in label set. Expect zero annotations; enter 0 in column G after checking CVAT.

Sheet QC Checklist
A1: QC Checklist – criteria applied to every image
A3: ID | B3: Category | C3: Check | D3: How to verify in CVAT | E3: Severity | F3: Applies to
A4: QC-01 | B4: Label | C4: Every object uses a label from label.txt (person, building, sheep). | D4: Objects panel → label dropdown on each item. | E4: Critical | F4: All
A5: QC-02 | B5: Label | C5: Label matches what is actually in the box/polygon/points (no sheep tagged person, etc.). | D5: Click each object; compare against image. | E5: Critical | F5: All
A6: QC-03 | B6: Completeness | C6: Every visible in-scope instance is annotated; object count equals 'Expected objects'. | D6: Objects panel 'Items: N' vs column F on Image QC. | E6: Critical | F6: All
A7: QC-04 | B7: Completeness | C7: Partly hidden or cut-off instances are annotated when still clearly recognisable. | D7: Zoom into edges and overlaps. | E7: Major | F7: sheep, person
A8: QC-05 | B8: Scope | C8: Nothing is annotated that is outside the label set (e.g. car, zebra, reflections). | D8: Items should be 0 on car.avif and zebras.avif. | E8: Major | F8: car.avif, zebras.avif
A9: QC-06 | B9: Duplicates | C9: No duplicate or stacked identical objects on the same instance. | D9: Toggle visibility; look for items with identical geometry. | E9: Major | F9: All
A10: QC-07 | B10: Shape type | C10: building uses Polygon. | D10: Objects panel shows 'POLYGON SHAPE'. | E10: Major | F10: building
A11: QC-08 | B11: Shape type | C11: sheep uses Rectangle. | D11: Objects panel shows 'RECTANGLE SHAPE'. | E11: Major | F11: sheep
A12: QC-09 | B12: Shape type | C12: person uses Points (5 face landmarks) per current convention. | D12: Objects panel shows 'POINTS SHAPE'; 5 points per object. | E12: Major | F12: person
A13: QC-10 | B13: Geometry | C13: Rectangle edges sit on the visible extent of the animal, with no cut-off body parts and no large empty margin. | D13: Zoom 200%+ and check all four edges. | E13: Major | F13: sheep
A14: QC-11 | B14: Geometry | C14: Polygon vertices follow the building outline; no self-crossing edges; little sky or background enclosed. | D14: Zoom along each edge; check step corners. | E14: Major | F14: building
... A19: QC-16 | B19: Export | C19: Export format keeps all three shape types (rectangle, polygon, points). | D19: Confirm with project lead before export; 'CVAT for images 1.1' keeps all three. | E19: Major | F19: Project

Sheet Error Log
A1: Error Log
A2: Log every defect found. Pick Category and Severity from the dropdowns. E-001 to E-005 come from the initial review of the supplied files.
A4: Error ID | B4: File | C4: CVAT object ID | D4: Category | E4: Severity | F4: Description | G4: Fix / decision needed | H4: Status | I4: Logged by | J4: Date logged
A5: E-001 | B5: person.avif | C5: 2 | D5: Process | E5: Info | F5: Objects panel shows Items: 1, but the only object has ID 2. ID 1 is missing, so an object may have been deleted. | G5: Annotator to confirm nothing was lost; reviewer re-checks the image. | H5: Open | I5: Claude (initial review) | J5: 2026-10-01
A6: E-002 | B6: walking.avif | D6: Guideline gap | E6: Major | F6: Five people are visible, faces are small and some are turned away. Face-landmark points may not be placeable for everyone. | G6: Lead to decide: 5-point landmarks only where face is clear, or switch to rectangles for groups. | H6: Open | I6: Claude (initial review) | J6: 2026-10-01
A7: E-003 | B7: car.avif / zebras.avif | D7: Scope | E7: Major | F7: Car and zebra are not in label.txt. Unclear whether to leave them unannotated or add labels. | G7: Lead to confirm: zero annotations (current assumption) or extend label set. | H7: Open | I7: Claude (initial review) | J7: 2026-10-01
A8: E-004 | B8: label.txt.txt | D8: Technical | E8: Info | F8: Label file has a double extension (.txt.txt) and CRLF line endings. | G8: Rename to label.txt if the import tool needs it; verify labels import as person, building, sheep. | H8: Open | I8: Claude (initial review) | J8: 2026-10-01
A9: E-005 | B9: buiding.avif | D9: Technical | E9: Info | F9: Filename is misspelt ('buiding'). CVAT task already references this name. | G9: Leave as-is unless the task is rebuilt; do not rename mid-project. | H9: Open | I9: Claude (initial review) | J9: 2026-10-01
